{"trips": [
  {
    "id": "393507B1B67497C7",
    "place_visit": [
      {"id": ""},
      {
        "id": "DESTINATION_ID",
        "place": {
          "lat_lng": {
            "latitude": 33.2775603,
            "longitude": -111.8738995
          },
          "semantic_type": "TYPE_UNKNOWN"
        }
      }
    ],
    "transition": [{
      "route": {"travel_mode": "DRIVE"},
      "origin": {"visit_id": ""},
      "destination": {"visit_id": "DESTINATION_ID"}
    }]
  },
  {
    "id": "3A8DA846B7161B94",
    "place_visit": [
      {"id": ""},
      {
        "id": "DESTINATION_ID",
        "place": {
          "lat_lng": {
            "latitude": 37.7912561,
            "longitude": -122.3920713
          },
          "semantic_type": "TYPE_UNKNOWN"
        }
      }
    ],
    "transition": [{
      "route": {"travel_mode": "DRIVE"},
      "origin": {"visit_id": ""},
      "destination": {"visit_id": "DESTINATION_ID"}
    }]
  },
  {
    "id": "3A92497EBB826B09",
    "place_visit": [
      {
        "id": "SOURCE_ID",
        "place": {
          "lat_lng": {
            "latitude": 37.74521537128626,
            "longitude": -122.43276866164284
          },
          "semantic_type": "TYPE_UNKNOWN"
        }
      },
      {
        "id": "DESTINATION_ID",
        "place": {
          "lat_lng": {
            "latitude": 37.7912561,
            "longitude": -122.3920713
          },
          "semantic_type": "TYPE_UNKNOWN"
        }
      }
    ],
    "transition": [{
      "route": {
        "travel_mode": "TRANSIT",
        "transit": {"route": {"leg": [
          {
            "mode": "WALKING",
            "destination": "Diamond St & 28th St"
          },
          {
            "mode": "TRANSIT",
            "destination": "Glen Park Station"
          },
          {
            "mode": "TRANSIT",
            "destination": "Embarcadero Station"
          },
          {"mode": "WALKING"}
        ]}}
      },
      "origin": {"visit_id": "SOURCE_ID"},
      "destination": {"visit_id": "DESTINATION_ID"}
    }]
  },
  {
    "id": "3BB914F37542F38A",
    "place_visit": [
      {"id": ""},
      {
        "id": "DESTINATION_ID",
        "place": {
          "lat_lng": {
            "latitude": 37.7514221,
            "longitude": -122.43017169999999
          },
          "semantic_type": "TYPE_UNKNOWN"
        }
      }
    ],
    "transition": [{
      "route": {"travel_mode": "DRIVE"},
      "origin": {"visit_id": ""},
      "destination": {"visit_id": "DESTINATION_ID"}
    }]
  },
  {
    "id": "40D076B8B6DDE7AE",
    "place_visit": [
      {
        "id": "SOURCE_ID",
        "place": {
          "lat_lng": {
            "latitude": 37.78180424752926,
            "longitude": -122.44546420567097
          },
          "semantic_type": "TYPE_UNKNOWN"
        }
      },
      {
        "id": "DESTINATION_ID",
        "place": {
          "lat_lng": {
            "latitude": 37.7451867,
            "longitude": -122.43267089999999
          },
          "semantic_type": "TYPE_UNKNOWN"
        }
      }
    ],
    "transition": [{
      "route": {
        "travel_mode": "TRANSIT",
        "transit": {"route": {"leg": [
          {
            "mode": "WALKING",
            "destination": "Divisadero St & Geary Blvd"
          },
          {
            "mode": "TRANSIT",
            "destination": "Noe St & 28th St"
          },
          {"mode": "WALKING"}
        ]}}
      },
      "origin": {"visit_id": "SOURCE_ID"},
      "destination": {"visit_id": "DESTINATION_ID"}
    }]
  },
  {
    "id": "45947D78B7C0D920",
    "place_visit": [
      {
        "id": "SOURCE_ID",
        "place": {
          "lat_lng": {
            "latitude": 32.71678078213871,
            "longitude": -117.16016717255116
          },
          "semantic_type": "TYPE_UNKNOWN"
        }
      },
      {
        "id": "DESTINATION_ID",
        "place": {
          "lat_lng": {
            "latitude": 32.5444156,
            "longitude": -117.03012349999999
          },
          "semantic_type": "TYPE_UNKNOWN"
        }
      }
    ],
    "transition": [{
      "route": {
        "travel_mode": "TRANSIT",
        "transit": {"route": {"leg": [
          {
            "mode": "WALKING",
            "destination": "5th Avenue Station"
          },
          {
            "mode": "TRANSIT",
            "destination": "San Ysidro Transit Center"
          },
          {"mode": "WALKING"}
        ]}}
      },
      "origin": {"visit_id": "SOURCE_ID"},
      "destination": {"visit_id": "DESTINATION_ID"}
    }]
  }
]}