{
  "features": [
    {
      "geometry": {
        "coordinates": [
          -122.43267089999999,
          37.7451867
        ],
        "type": "Point"
      },
      "properties": {
        "address": "2037 Castro St, San Francisco, CA 94131, USA",
        "name": "Home"
      },
      "type": "Feature"
    },
    {
      "geometry": {
        "coordinates": [
          -122.39601529999999,
          37.7881687
        ],
        "type": "Point"
      },
      "properties": {
        "address": "Silicon Valley Bank, 505 Howard St Floor 3, San Francisco, CA 94105, United States",
        "name": "Work"
      },
      "type": "Feature"
    },
    {
      "geometry": {
        "coordinates": [
          -99.1256245,
          19.425588299999998
        ],
        "type": "Point"
      },
      "properties": {
        "address": "La Merced, Centro, Mexico City, Mexico",
        "name": "La Merced CDMx"
      },
      "type": "Feature"
    },
    {
      "geometry": {
        "coordinates": [
          -118.44567719999999,
          33.994978599999996
        ],
        "type": "Point"
      },
      "properties": {
        "address": "2476 Glencoe Ave, Venice, CA 90291, United States",
        "name": "Kea’s apartment"
      },
      "type": "Feature"
    },
    {
      "geometry": {
        "coordinates": [
          -112.003902,
          33.501788999999995
        ],
        "type": "Point"
      },
      "properties": {
        "address": "4445 N 36th St, Phoenix, AZ 85018, United States",
        "name": "Mike Wayne apartment "
      },
      "type": "Feature"
    },
    {
      "geometry": {
        "coordinates": [
          -122.4473652,
          37.7710405
        ],
        "type": "Point"
      },
      "properties": {
        "address": "461 Ashbury St, San Francisco, CA 94117, United States",
        "name": "That’s so Raven house "
      },
      "type": "Feature"
    },
    {
      "geometry": {
        "coordinates": [
          -122.44310399999999,
          37.799504
        ],
        "type": "Point"
      },
      "properties": {
        "address": "3235 Divisadero St, San Francisco, CA 94123, United States",
        "name": "Gary’s Trap House "
      },
      "type": "Feature"
    },
    {
      "geometry": {
        "coordinates": [
          -122.25352249999999,
          37.8085551
        ],
        "type": "Point"
      },
      "properties": {
        "address": "411 Grand Ave, Oakland, CA 94610, United States",
        "name": "Urgent health - TB test"
      },
      "type": "Feature"
    },
    {
      "geometry": {
        "coordinates": [
          -74.0063414,
          40.7069514
        ],
        "type": "Point"
      },
      "properties": {
        "address": "215 Pearl St, New York, NY 10038, United States",
        "name": "Hotel in nyc"
      },
      "type": "Feature"
    },
    {
      "geometry": {
        "coordinates": [
          -118.4420136,
          33.9568009
        ],
        "type": "Point"
      },
      "properties": {
        "address": "8355 W Manchester Ave, Playa Del Rey, CA 90293, United States",
        "name": "Ethan used to live here "
      },
      "type": "Feature"
    },
    {
      "geometry": {
        "coordinates": [
          -122.433178,
          37.766243599999996
        ],
        "type": "Point"
      },
      "properties": {
        "address": "183 Noe St, San Francisco, CA 94114, United States",
        "name": "Flower guy "
      },
      "type": "Feature"
    }
  ],
  "type": "FeatureCollection"
}